id,reviewer,severity,domain,file,line,one_line,citation,acceptance_test_id,assigned_engineer,target_sprint,status
F1.1,R1,CRITICAL,quant-finance,lib/backtest/engine.ts,605-650,walk-forward fixed via trade-attribution (single backtest + window partition by entry date),"Pardo (2008) Ch.11; Bailey & Lopez de Prado (2014) JPM 40(5)",AT-F1.1-walkforward-osnonzero,E1,S2,FIXED
F1.2,R1,CRITICAL,quant-finance,lib/backtest/engine.ts,545,portfolio max DD now uses combined-curve,"Magdon-Ismail & Atiya (2004); Bacon (2008) p102-105",AT-F1.2-portfolio-dd,E1,S2,FIXED-c7340323+
F1.3,R1,CRITICAL,quant-finance,"lib/backtest/engine.ts","186, 205, 224",stops use close not intraday low,"Pardo (2008) Ch.8 p161-164; Aronson (2007) p202-205",AT-F1.3-intraday-stop,E1,S2,closed
F1.4,R1,HIGH,quant-finance,lib/backtest/engine.ts,"373, 385, 525, 601",RFR via getRiskFreeRateSync + FRED prewarm (Q-004),Sharpe (1994) JPM 21(1),AT-F1.4-rfr-fred,E1+E3,S2,FIXED-Q-004-2026-06-02
F1.5,R1,HIGH,quant-finance,lib/backtest/engine.ts,343,B&H ignores dividends,"Sharpe (1994); Bacon (2008) p44",AT-F1.5-bnh-totalreturn,E1+E3,S2,open
F1.6,R1,HIGH,quant-finance,lib/backtest/engine.ts,many,crypto annualization now 365 via tradingDaysPerYear(),Bacon (2008) p43,AT-F1.6-crypto-365,E1,S2,FIXED
F1.7,R1,CRITICAL,quant-finance,lib/backtest/portfolioBacktest.ts,"171-191, 325-341",correlation-Kelly now implemented via lib/quant/correlation.ts,"Thorp (2006); Maillard et al (2010)",AT-F1.7-corr-kelly,E1,S2,FIXED-c11591f1+
F1.8,R1,MEDIUM,quant-finance,lib/quant/indicators.ts,canonical,Sortino MAR is configurable + documented,Sortino & van der Meer (1991),AT-F1.8-sortino-mar-config,E1,S2,FIXED-c7fa7902+
F1.9,R1,MEDIUM,quant-finance,lib/quant/indicators.ts,canonical,Sortino min n_d raised from 3 to 30,Bacon (2008) p107,AT-F1.9-sortino-nmin30,E1,S2,FIXED-c7fa7902+
F1.10,R1,MEDIUM,quant-finance,lib/backtest/signals.ts,312-416,combinedSignal deleted (used only by its own tests),N/A (SSOT),AT-F1.10-combinedsignal-callers,E1,S2,FIXED
F1.11,R1,MEDIUM,quant-finance,lib/backtest/signals.ts,561,RSI score linear; should be nonlinear,"Wilder (1978) p65; Murphy (1999) p243",AT-F1.11-rsi-piecewise,E1,S3,fixed
F1.12,R1,MEDIUM,quant-finance,lib/backtest/signals.ts,82,bullish divergence cap relaxed to RSI<65,Murphy (1999) p245,AT-F1.12-divergence-rsi-bound,E1,S2,FIXED
F1.13,R1,LOW,quant-finance,lib/backtest/signals.ts,563,MACD score scale rationale documented,Appel (1979),AT-F1.13-macd-scale-doc,E1,S2,FIXED
F1.14,R1,LOW,quant-finance,lib/backtest/signals.ts,461-465,VPOC asymmetry rationale + Steidlmayer citation,Steidlmayer (1989),AT-F1.14-vpoc-regime,E1,S2,FIXED
F1.15,R1,LOW,quant-finance,lib/backtest/engine.ts,633,oosRatio clamp hides tail overfit,N/A (data viz),AT-F1.15-oosratio-unclamped,E1,S3,open
F2.1,R2,CRITICAL,indicators,lib/quant/indicators.ts,449-461,sortinoRatio uses N-1 not n_d (Phase 12 bug duplicated),Sortino & van der Meer (1991),AT-F2.1-sortino-canonical,E1,S2,FIXED-c2801090+
F2.2,R2,HIGH,indicators,lib/quant/indicators.ts,"386-388, 405",ADX now uses Wilder smoothing,"Wilder (1978) p35-50; Achelis (2001) p49",AT-F2.2-adx-wilder,E1,S2,FIXED-c22278ad+
F2.3,R2,HIGH,indicators,lib/quant/indicators.ts,7,header comment now distinguishes Wilder from EMA + Bollinger sample variance,Wilder (1978) p65,AT-F2.3-doc-correct,E1,S2,FIXED
F2.4,R2,MEDIUM,indicators,lib/quant/indicators.ts,324-338,vwapArray gains anchorIndex param + vwapArrayWindow sliding-window helper,"Berkowitz et al (1988); Pruitt & White (1988)",AT-F2.4-anchored-vwap,E1+E2,S2,FIXED
F2.5,R2,MEDIUM,indicators,lib/quant/indicators.ts,356-357,stochRsiArray gains smoothing param (ema default | sma for Chande-Kroll original),Chande & Kroll (1994) p93-104,AT-F2.5-stochrsi-sma,E1,S2,FIXED
F2.6,R2,MEDIUM,indicators,lib/quant/indicators.ts,309-312,obvArray silent truncation,N/A (input validation),AT-F2.6-obv-throw,E1,S2,FIXED-c2801090+
F2.7,R2,MEDIUM,indicators,lib/quant/indicators.ts,151,MACD signal warmup not validated,N/A,AT-F2.7-macd-warmup,E1,S2,FIXED-c2801090+
F2.8,R2,MEDIUM,indicators,lib/quant/indicators.ts,53-81,ema marked @deprecated; emaFull preferred,N/A (DX),AT-F2.8-ema-deprecate,E1,S2,FIXED
F2.9,R2,LOW,indicators,lib/quant/indicators.ts,"215, 220",Bollinger period<2 silent,N/A,AT-F2.9-bb-period-min2,E1,S2,FIXED-c2801090+
F2.10,R2,LOW,indicators,lib/quant/indicators.ts,416-422,simple-vs-log-returns convention now documented,Tsay (2010) p3-7,AT-F2.10-log-returns,E1,S2,FIXED
F3.1,R3,HIGH,options,lib/options/greeks.ts,64-141,BSM extended with Merton dividend yield q (default 0 = backward compat),"Merton (1973) Bell J 4(1); Hull (2017) p385-388",AT-F3.1-merton-q,E1+E3,S2,FIXED
F3.2,R3,HIGH,options,lib/options/greeks.ts,"147, 170-184",IV solver: BS-seed for ATM + sigma clamp [0.005..5.0],"Brenner & Subrahmanyam (1988); Manaster & Koehler (1982)",AT-F3.2-iv-robust,E1,S2,FIXED
F3.3,R3,HIGH,options,lib/options/gex.ts,47-72,GEX now uses per-side gamma (call_gamma vs put_gamma tracked independently),"Krishnan (2017) Ch.6; Squeezemetrics whitepaper",AT-F3.3-gex-perside-gamma,E1,S2,FIXED
F3.4,R3,MEDIUM,options,lib/options/gex.ts,9-12,Squeezemetrics convention + vendor cross-reference documented,Krishnan (2017) p120-125,AT-F3.4-gex-convention-doc,E1,S2,FIXED
F3.5,R3,MEDIUM,options,lib/options/gex.ts,87-94,flipPoints array exposes all crossings (backward-compat flipPoint preserved),N/A,AT-F3.5-multi-flip,E1,S2,FIXED
F3.6,R3,MEDIUM,options,lib/options/greeks.ts,109-110,T<=0 vs sigma<=0 cases now handled separately,Hull (2017) p404,AT-F3.6-degenerate-cases,E1,S2,FIXED-c11591f1+
F3.7,R3,MEDIUM,options,lib/options/chain.ts,99,ACT/365 day-count convention documented,Hull (2017),AT-F3.7-daycount-doc,E1,S2,FIXED
F3.8,R3,LOW,options,lib/options/greeks.ts,146,IV_TOLERANCE relaxed from 1e-6 to 1e-4 (matches option tick),N/A,AT-F3.8-iv-tolerance,E1,S2,FIXED-c11591f1+
F4.1,R4,HIGH,data-engineering,app/api/prices/route.ts,38,bloomberg bridge degradation surfaced as bloombergStatus + console.warn,N/A (observability),AT-F4.1-bb-degraded-status,E3,S2,FIXED
F4.2,R4,HIGH,data-engineering,lib/data/mergeQuotes.ts,39-54,QuoteProvenance interface tracks per-field source,ISO 20022 / FIX best-practice,AT-F4.2-field-provenance,E3,S2,FIXED
F4.3,R4,HIGH,data-engineering,lib/api/rateLimit.ts,applyRateLimit,KV opt-in via KV_REST_*; memory fallback,Vercel docs,AT-F4.3-distributed-ratelimit,E3,S2,partial-KV-opt-in-2026-06-03
F4.4,R4,HIGH,data-engineering,lib/api/reliability.ts,9-20,exponential backoff with full jitter added,"Brooker (2015) AWS; SRE Beyer (2016) Ch.22",AT-F4.4-exp-backoff,E3,S2,FIXED-c81db8f2+
F4.5,R4,HIGH,data-engineering,(every yahoo route),yahoo-finance2 commercial redistribution,Yahoo Finance ToS §2,AT-F4.5-compliance-banner,E3,S4,open
F4.6,R4,MEDIUM,data-engineering,app/api/prices/route.ts,47-58,falsy fallback to 0 hides missing data,N/A,AT-F4.6-nullish-coalesce,E3,S2,FIXED-c7340323+
F4.7,R4,MEDIUM,data-engineering,app/api/prices/route.ts,58,marketCap hardcoded 'B' suffix,N/A (display),AT-F4.7-format-helper,E3,S2,FIXED-c7340323+
F4.8,R4,MEDIUM,data-engineering,app/api/prices/route.ts,79,error response leaks raw error,"OWASP API8; CWE-209",AT-F4.8-sanitize,E3,S2,FIXED-c7340323+
F4.9,R4,MEDIUM,data-engineering,app/api/prices/route.ts,75,edge-cache 3s + stale-while-revalidate 5s; reduces yahoo QPS by Nx,N/A (perf),AT-F4.9-edge-cache,E3,S2,FIXED
F4.10,R4,MEDIUM,data-engineering,app/api/prices/route.ts,30,^VIX normalization incomplete,N/A,AT-F4.10-index-symbols,E3,S2,FIXED-c7340323+
F4.11,R4,LOW,data-engineering,app/api/prices/route.ts,70,dataSources.yahoo hardcoded true,N/A,AT-F4.11-yahoo-detect,E3,S2,FIXED-c7340323+
F5.1,R5,CRITICAL,frontend-architecture,components/KLineChart.tsx,147-220,indicator math reimplemented inline; SSOT violation,N/A (SSOT),AT-F5.1-chart-canonical-indicators,E2,S2,FIXED-c7fa7902+
F5.2,R5,HIGH,frontend-architecture,components/stock/QuantLabPanel.tsx,173-1535,1362-line single function,Martin (2008) Clean Code,AT-F5.2-quantlab-decompose,E2,S3,FIXED-Q-053-2026-05-26
F5.3,R5,HIGH,frontend-architecture,app/backtest/page.tsx,shell,268 LOC page-as-shell (Q-054),N/A (architecture),AT-F5.3-backtest-decompose,E2,S3,FIXED-Q-054-2026-05-26
F5.4,R5,HIGH,frontend-architecture,(4 files),4 silent .catch(()=>{}) replaced with diagnostic console.warn,Phase 12 H5,AT-F5.4-zero-silent-catch,E2,S2,FIXED-c7340323+
F5.5,R5,MEDIUM,frontend-architecture,components/**/*.tsx,various,37 inline styles; no design tokens,N/A,AT-F5.5-design-tokens,E2,S3,open
F5.6,R5,MEDIUM,frontend-architecture,(cross-component),various,32 ARIA attrs sparse coverage,WCAG 2.2 4.1.2,AT-F5.6-aria-coverage,E2+R6,S4,open
F5.7,R5,MEDIUM,frontend-architecture,(cross-component),various,dark-card pattern variations not extracted,N/A (DRY),AT-F5.7-card-component,E2,S3,open
F5.8,R5,MEDIUM,frontend-architecture,hooks/useLivePrices.ts,67-68,dedupingInterval raised to 5s = refreshInterval,SWR docs,AT-F5.8-dedup-tune,E2,S2,FIXED
F5.9,R5,LOW,frontend-architecture,app/backtest/page.tsx,665,Record<string,unknown> losing types,N/A,AT-F5.9-typed-livesignal,E2,S3,open
F5.10,R5,LOW,frontend-architecture,app/backtest/page.tsx,39-50,local formatters duplicate lib/format.ts,N/A (DRY),AT-F5.10-format-import,E2,S3,open
F6.1,R6,CRITICAL,accessibility,app/layout.tsx,49,no skip-link,WCAG 2.2 SC 2.4.1 Level A,AT-F6.1-skiplink,E2,S2,FIXED-c7340323+
F6.2,R6,HIGH,accessibility,(KLineChart\, Sparkline\, GexChart\, EquityCurveChart),various,role=img + descriptive aria-label on 4 chart components,WCAG 2.2 SC 1.1.1+4.1.2,AT-F6.2-chart-aria,E2,S2,FIXED
F6.3,R6,HIGH,accessibility,(SignalCard\, SectorCard\, desk page),various,arrow glyph + sign prefix + aria-label on direction indicators,WCAG 2.2 SC 1.4.1,AT-F6.3-icons-arrows,E2,S2,FIXED
F6.4,R6,HIGH,accessibility,(table components),various,caption + scope added on 5 high-traffic tables (desk\, backtest\, options\, flow\, trades),WCAG 2.2 SC 1.3.1,AT-F6.4-table-semantics,E2,S2,FIXED
F6.5,R6,MEDIUM,accessibility,(cross-component),various,sparse focus management,WCAG 2.2 SC 2.4.3,AT-F6.5-focus-trap,E2,S4,open
F6.6,R6,MEDIUM,accessibility,(cross-component),various,text-slate-600 fails AA contrast,WCAG 2.2 SC 1.4.3,AT-F6.6-contrast-axe,E2,S4,closed
F6.7,R6,MEDIUM,accessibility,components/KeyboardShortcuts.tsx,various,verify focus trap and dialog semantics,WAI-ARIA APG,AT-F6.7-modal-pattern,E2,S4,open
F6.8,R6,MEDIUM,accessibility,(cross-component),various,aria-live underused for live updates,WCAG 2.2 SC 4.1.3,AT-F6.8-live-region,E2,S4,open
F6.9,R6,LOW,accessibility,app/layout.tsx,root,confirm html lang attribute,WCAG 2.2 SC 3.1.1,AT-F6.9-html-lang,E2,S4,closed
F7.1,R7,HIGH,security,lib/auth.ts,34-58,NEXTAUTH_SECRET fallback now logs structured event at console.error severity,OWASP ASVS V7,AT-F7.1-secret-alert,E3+E4,S2,FIXED
F7.2,R7,HIGH,security,lib/api/reliability.ts,50,error responses leak internals,"CWE-209; OWASP API8",AT-F7.2-error-sanitize,E3,S2,open
F7.3,R7,HIGH,security,lib/api/sanitize.ts,TICKER_REGEX,tickers flow to yahoo without validation,"CWE-918; OWASP ASVS V12",AT-F7.3-ticker-whitelist-fuzz,E3,S2,FIXED-strict-ticker-whitelist (sanitize.ts TICKER_REGEX rejects URL/path chars -> 400; verified 2026-06-14)
F7.4,R7,HIGH,security,middleware.ts,csrf double-submit,no CSRF protection (need verify),OWASP CSRF Prevention,AT-F7.4-csrf-guard,E3,S4,FIXED-csrf-double-submit (middleware quantan_csrf cookie + x-quantan-csrf header on POST; client via PR #40; verified 2026-06-14)
F7.5,R7,MEDIUM,security,lib/data/bloomberg/bridgeClient.ts,upstream,timing-safe secret comparison (need verify),Brumley & Boneh (2005),AT-F7.5-timing-safe,E3,S4,open
F7.6,R7,MEDIUM,security,next.config.js,headers,security headers added (HSTS/X-Frame/Referrer/Permissions/CSP-RO),OWASP Secure Headers,AT-F7.6-secure-headers,E3,S2,FIXED-c7340323+
F7.7,R7,MEDIUM,security,lib/api/rateLimit.ts,(cross-ref F4.3),KV opt-in documented in .env.example,OWASP API4,AT-F4.3-distributed-ratelimit,E3,S2,partial-KV-opt-in-2026-06-03
F7.8,R7,MEDIUM,security,(every yahoo route),(cross-ref F4.5),yahoo commercial use,Yahoo ToS,AT-F4.5-compliance-banner,E3,S4,open
F7.9,R7,MEDIUM,security,lib/auth.ts,74-80,JWT callback validates name/email/image via safeStringField+safeUrlField,OWASP ASVS V5,AT-F7.9-jwt-validate,E3,S2,FIXED
F7.10,R7,LOW,security,app/api/prices/route.ts,19,public-API design + caching strategy explicitly documented,N/A (design clarification),AT-F7.10-doc,E3,S2,FIXED
F8.1,R8,CRITICAL,testing,(11 modules),various,hot-path modules have zero tests,"Plan rule 5 (test-before-fix)",AT-F8.1-module-test-presence,E1+E4,S2,open
F8.2,R8,HIGH,testing,__tests__/components/,absent,zero component tests in repo,Kent C. Dodds (2018),AT-F8.2-component-test-infra,E2+E4,S3,open
F8.3,R8,HIGH,testing,package.json,absent,no mutation testing,"Jia & Harman (2011); Petrovic & Ivankovic (2018)",AT-F8.3-stryker,E1+E4,S4,open
F8.4,R8,HIGH,testing,__tests__/api/,absent,zero API integration tests,N/A (industry standard),AT-F8.4-api-integration,E3+E4,S2,open
F8.5,R8,MEDIUM,testing,__tests__/quant/*,various,no property-based tests for math,Hughes (2007),AT-F8.5-fast-check,E1,S4,open
F8.6,R8,MEDIUM,testing,vitest.config.ts,thresholds,coverage thresholds not verified,N/A,AT-F8.6-coverage-enforce,E4,S2,open
F8.7,R8,MEDIUM,testing,CI config,smoke,smoke tests likely not in PR CI,N/A,AT-F8.7-ci-smoke,E4,S2,open
F8.8,R8,LOW,testing,(vitest internal),N/A,space-in-path blocks local vitest from worktree,N/A,AT-F8.8-vitest-path,E4,S4,open
F1.16,R1,CRITICAL,quant-finance,(three files),various,three divergent Sortino implementations,Sortino & van der Meer (1991),AT-F1.16-sortino-canonical-threeway,E1,S2,FIXED-c2801090+
F1.18,R1,HIGH,quant-finance,lib/backtest/portfolioBacktest.ts,301-305,Kelly applied to cash bankroll with concentration cap on equity,Thorp (2006),AT-F1.18-kelly-bankroll,E1,S2,FIXED-c81db8f2+
F1.19,R1,MEDIUM,quant-finance,lib/backtest/portfolioBacktest.ts,"294, 339, 367",mark-to-market forward-fills last-known close,N/A (data integrity),AT-F1.19-forward-fill,E1,S2,FIXED-c81db8f2+
F1.20,R1,MEDIUM,quant-finance,lib/backtest/portfolioBacktest.ts,459-464,VaR thresholds raised to 100\/250 (95\/99 percentile stability),Jorion (2006) p119-122,AT-F1.20-var-sample,E1,S2,FIXED-c81db8f2+
F1.21,R1,MEDIUM,quant-finance,lib/backtest/portfolioBacktest.ts,247-253,dead state-machine code removed,N/A (maintenance),AT-F1.21-cleanup,E1,S2,FIXED-c81db8f2+
F3.9,R3,HIGH,options,lib/options/chain.ts,enrichContract,tenor-matched getRiskFreeRateSync per contract,"Hull (2017) p385-388; Merton (1973)",AT-F3.9-fred-rfr,E3+E1,S2,FIXED-Q-052-2026-05-24
F1.22,R1,MEDIUM,quant-finance,lib/backtest/exitRules.ts,80-82,atrAdaptiveStop includes still-forming entry bar (look-ahead micro-bias),N/A (Phase 12 H3 class),AT-F1.22-atr-prior-bar,E1,S2,open
F1.23,R1,LOW,quant-finance,lib/backtest/exitRules.ts,33-40,DEFAULT_EXIT_CONFIG magic numbers without citation,N/A (documentation),AT-F1.23-exit-config-doc,E1,S3,open
F-NEW-MACD,R2,HIGH,indicators,lib/quant/indicators.ts,184,MACD signal line was offset by sig-1 bars; last 8 bars always NaN — silently disabled MACD weight in signal layer,Appel (1979),AT-FNEW-macd-offset,E1,S2,FIXED
W2-001,Cursor,HIGH,frontend,lib/appUrl.ts,1-12,briefs SSR used production URL in local dev when NEXT_PUBLIC_APP_URL unset,N/A,AT-W2-appurl-dev,E5,S2,FIXED
W2-002,Cursor,MEDIUM,frontend,"app/page.tsx; app/backtest/page.tsx",—,UI copy implied 200EMA/57% accuracy vs SSOT honest metrics,SIGNAL_SSOT.md,AT-W2-honest-copy,E5,S2,FIXED
W2-003,Cursor,LOW,testing,scripts/benchmark-signals.mjs,—,deprecated mjs wrapper duplicated npm run benchmark entry,SIGNAL_SSOT.md,AT-W2-benchmark-ts,E1,S2,FIXED
Q05-1,Program-Q05,LOW,quant-finance,lib/backtest/regimeSignal.ts,142-172,"at 201-220 bars sma200Slope returns null (needs >=221) so slopePositive is false and a sub--10% dip emits a confident FALLING_KNIFE SELL (82-95%) from missing-slope data, contradicting the dev==null fail-closed intent; reachable via resolveBacktestSignal (core.ts:238 i=200, slice 0..i+1) on each instrument's first ~20 evaluated bars; long-only so SELL-when-flat is a no-op, effect is spurious early exits if already holding that early",regimeSignal.ts + core.ts:238,AT-Q05-1-slope-null-failclosed,E1,S?,open-owner-gated (fix changes backtest numbers)
F-9,R-2026-06-10/Program-Q06,LOW,quant-finance,lib/backtest/core.ts,344+358-360,"entry double-counts the 2bps open friction: entryPrice = nextOpen*(1+ENTRY_SLIPPAGE_BPS=2bps) AND txCost = 11bps/side which already includes a 2bps slippage component (executionModel slippageBpsPerSide) -> entry ~13bps vs the 11bps/side SSOT, round-trip ~24 vs 22bps. Exit (closePosition) is clean at 11bps. Confirmed live in core.ts backtestInstrument; reconcile to a single 2bps source (drop the price bump or zero the txCost slippage leg)",core.ts:344+359 vs executionModel DEFAULT_EXECUTION_COSTS,AT-F9-entry-slippage-single-count,E1,S?,open-owner-gated (fix changes published WR -> re-baseline)
F-11,R-2026-06-10/Program-Q07,LOW,quant-finance,lib/backtest/portfolioBacktest.ts,151+316+464,"maxHoldDays is measured in UNION-calendar steps not the instrument's trading days: holdDays = currentIdx - entryIdx (exitRules.ts:252) is fed di = the union date index (portfolioBacktest builds a union of all tickers' trading dates at :151, passes di at :316, sets entryIdx: di at :464). An instrument that does not trade on some union dates (mixed equity/crypto calendars, halts, missing bars) has its hold window inflated by other tickers' sessions -> time_exit fires on the wrong horizon. DORMANT: portfolioBacktest is a dev script (scripts/portfolio-backtest.ts), in no API route and no CI gate, so nothing is published. Fix = count per-instrument bars held; needs a portfolio test (none exists)",exitRules.ts:252 + portfolioBacktest.ts:316/464,AT-F11-holddays-trading-days,E1,S?,open-owner-gated (dormant engine; no validating gate)
F-3,R-2026-06-10/Program-Q07,LOW,quant-finance,lib/backtest/portfolioBacktest.ts,268,"trailing-stop peak ratchets on CLOSE only: updatePosition(pos, row.close) sets highestPrice from the close, never the intra-bar high, so the trail anchor (highestPrice*(1-trailingStopPct), exitRules.ts:244) understates the true peak -> looser/late trailing exits. NOTE: arguably a DELIBERATE conservative choice (close-based trailing avoids intra-bar whipsaw), and there is NO same-bar look-ahead (checkExitConditions receives the pre-update pos, so today's close cannot move today's trail). DORMANT (portfolioBacktest, not live/published). Decision: keep close-based vs switch to high-based ratchet",portfolioBacktest.ts:268 + exitRules.ts:244,AT-F3-trailing-peak-source,E1,S?,open-owner-gated (methodology; dormant engine)
Q09-1,Program-Q09,LOW,quant-finance,lib/backtest/liveSignal.ts,85-92,"live-vs-backtest inconsistency: buildLiveInstrumentSignal calls resolveBacktestSignal with NO sectorGates argument, while benchmarkLabel.ts passes sectorGatesForTicker(ticker)=getProfileForTicker when enhanced is on. sectorGates only affect the enhanced path, which is OFF in production (featureFlags.ts:15 returns false when NODE_ENV=production), so live and backtest are identical TODAY. If enhanced is ever enabled, the live desk signal would skip sector gating that the backtest applies -> divergence on gated tickers. DORMANT (enhanced is research-only, slated retire-or-invest). Fix = pass the same gates (no-op in prod); verify intent when enhanced is revisited",liveSignal.ts:85 vs benchmarkLabel.ts:77,AT-Q09-1-live-sectorgates-parity,E1,S?,open-owner-gated (dormant enhanced path; unvalidated)
F-2,R-2026-06-10/Program-Q10,MEDIUM,quant-finance,lib/backtest/engine.ts,188-189,"portfolio alpha compares MISMATCHED windows: alpha = truePortfolioReturn - bnhAvg, where truePortfolioReturn is the END-ALIGNED COMMON (min-length) window combine but bnhAvg = mean of each instrument's FULL-history bnhReturn (core.ts:422 computeBuyAndHoldReturn over all rows). For instruments of unequal length the portfolio leg spans fewer bars than the B&H leg -> alpha is apples-to-oranges. LIVE path (app/api/backtest/route.ts -> aggregatePortfolio) and alpha is shown in the backtest UI. LATENT on the current 56-file dataset (all 1255 bars -> common==full -> alpha currently correct), but /api/backtest accepts arbitrary tickers so mixed-length sets are reachable. Fix = compute bnhAvg over the same end-aligned common window (or compute portfolio return over each instrument's own window); NOT covered by the CI benchmark (which uses benchmarkLabel, not aggregatePortfolio) so a fix cannot be WR-gated",engine.ts:188-189 vs core.ts:422,AT-F2-alpha-common-window,E1,S?,open-owner-gated (changes published UI alpha; no benchmark gate)
Q13-1,Program-Q13,LOW,maintainability,lib/optimize/gridSearch.ts,176-217,"dead locals in simpleBacktestSlice: `equity` (init :177, multiplied :211) and `dailyRets` (:176, pushed :183/:217) are computed every grid iteration but never returned (return is {winRate,trades,sharpe,avgReturn}) nor read. Harmless but wasted work in the hot grid loop. Dev-only optimizer (not in any API route / no CI gate) so no deploy warranted; safe to remove with tsc. Substantive review of gridSearch is CLEAN — OOS-selection bias documented, inert dims collapsed (2026-06-04), OOS warmup-overlap correct (no IS-trade leak), T+1 entry, no look-ahead",gridSearch.ts:176-217,AT-Q13-1-dead-locals,E1,S?,open-low (dev-only cleanup)
Q14-1,Program-Q14,LOW,quant-finance,lib/optimize/sectorProfiles.ts,52,"incomplete macro-gate plumbing (enhanced path, dormant). (a) SectorProfile.maxVixForBuy is defined per-sector (e.g. Technology:30) and in metricGlossary but is read by NO signal logic -> inert config, the VIX-gate is unimplemented. (b) SectorGateConfig.yieldCurveGate (signalTypes.ts:102) has no SectorProfile source and the core signal files (signals/signalHelpers/regimeSignal) do not consume it -> Financials never gets a yield-curve gate via profiles (portfolioBacktest only 'inherits via default if needed'). (c) doc nit: parameterSets.ts:5 says 'Grid: 768 combinations' but LOOP1_GRID is 4^5=1024. All enhanced-path = OFF in prod (featureFlags:15). Part of the enhanced retire-or-invest decision; verify intent before wiring",sectorProfiles.ts:52 + signalTypes.ts:102 + parameterSets.ts:5,AT-Q14-1-macro-gate-plumbing,E1,S?,open-owner-gated (dormant enhanced path; retire-or-invest)
Q15-1,Program-Q15,LOW,maintainability,lib/quant/indicators.ts,300-316,"SSOT consistency: bollingerArray rejects period<2 (returns all-NaN, F2.9 — at period=1 sample variance is identically 0 and the bands collapse to the price line) but bollingerLatest only checks closes.length<period, so period=1 returns degenerate collapsed bands instead of null. Not a live bug (every caller uses the default period=20; unreachable), but the two SSOT entry points should treat period<2 identically. Fix = add `|| period < 2` to the bollingerLatest guard. Rest of indicators.ts VERIFIED CLEAN (all 25 primitives correct + finite/div0-guarded; prior bugs fixed)",indicators.ts:306 vs indicators.ts:282,AT-Q15-1-bollingerlatest-period-guard,E1,S?,open-low (unreachable edge; SSOT consistency)
Q23-1,Program-Q23,LOW,quant-finance,lib/quant/relativeStrength.ts,118-155,"relativeStrengthVsBenchmark uses INDEX-based lookback (closes[len-22]/[len-64]/[len-127] vs spy[len-22]/[len-64]/[len-127]) and only documents 'same date alignment expected' — it does NOT enforce it (unlike the sibling alignCloses which aligns by YYYY-MM-DD key). A ticker with a halt-gap or shorter history has its index-N-ago bar on a DIFFERENT calendar date than SPY's, so the ratio %-change (pct1m/3m/6m) and the RS ranking are computed across mismatched dates. LIVE (app/api/sector-rotation + analytics) but mitigated: current callers feed same-calendar US equities (sector ETFs; single ticker vs SPY) so dates line up. Fix = align by date (alignCloses) before the index lookbacks, or intersect the date sets",relativeStrength.ts:142-148 vs alignCloses:5,AT-Q23-1-rs-date-alignment,E1,S?,open-low (latent; same-calendar callers mitigate)
Q25-1,Program-Q25,MEDIUM,quant-finance,lib/quant/garchClient.ts,45,"ewmaVolForecast annualizes with Math.sqrt(252), but this is the BTC conditional-vol forecast: served LIVE by app/api/conditional-vol/[ticker] and shown in BtcQuantLab, and per the 2026-06-10 review the EWMA fallback is what is actually displayed (no /garch sidecar route wired; fetchGarchForecast always falls back). BTC trades 365 days/yr, so sqrt(252) understates the BTC conditional vol by sqrt(365/252)-1 ~= 17% (same class as F-12 walkForward, but garch IS published/crypto-reachable unlike Q16/Q17 whose caller was equity-only). Fix = parameterize annualization (like indicators.sharpeRatio) and pass tradingDaysPerYear=365 for crypto. Changes a displayed API number and is NOT covered by the CI benchmark (which uses benchmarkLabel) so a fix cannot be WR-gated. Also: btc-indicators.ts reimplements calcEMA/calcRSI/calcMACD/calcATR/calcOBV/calcADX separately from the indicators.ts SSOT (drift risk; architectural dup)",garchClient.ts:45 + app/api/conditional-vol/[ticker]/route.ts,AT-Q25-1-garch-crypto-annualization,E1,S?,open-owner-gated (changes published crypto vol; no benchmark gate)
PY3-2,Program-PY3,LOW,quant-finance,alpha_miner.py,248+352+360,"two FORMULA_CANDIDATES call safe_div(...) but FUNCTION_SET registers the divide helper under the key 'div' (line 248), not 'safe_div'. The _to_ts_expression map (:432/:437) only translates those formula strings to a frontend TS expression — it is NOT the Python eval path. Coordinator empirical probe on origin/main: direct safe_eval_formula raises 'not a callable function' for BOTH safe_div AND div, so the candidate-evaluation flow does not resolve calls via FUNCTION_SET the way a naive key-add assumes; the two safe_div candidates never become selectable factors. OFFLINE research tooling (alpha_miner is not in the Vercel path; untrusted LLM path uses the separate agents.py evaluator). Fix needs proper tracing of the call-resolution flow, NOT a speculative one-line registry add",alpha_miner.py:248 vs safe_eval_formula,AT-PY3-2-safe-div-binding,E1,S?,open-low (offline; needs flow investigation not hasty patch)
F-PY-04,R-2026-06-10/Program-PY4,MEDIUM,python-ml,multi_agent_factor_mining/agents.py,EvaluatorAgent.evaluate,"factor-mining pipeline is a NO-OP: EvaluatorAgent.evaluate() drops factor_values so the composer always receives an empty set and selects 0 factors (agent confirmed by running the pipeline: 21 candidates, 10 evaluated, 0 selected). DENY feature-scope per the seeded program note — this is incomplete-feature work, not a regression. OFFLINE (multi_agent_factor_mining is a research module, not in the Vercel request path). Escalate to owner: complete-or-retire decision",multi_agent_factor_mining/agents.py,AT-FPY04-factor-mining-noop,E1,S?,open-owner-gated (DENY feature-scope; offline)
F-PY-05,R-2026-06-10/Program-PY4,MEDIUM,python-ml,multi_agent_factor_mining/server.py,18+215,"factor-mining server CANNOT BOOT: relative-import error at server.py:18 under the Procfile script path (PRIMARY crash), plus a latent os NameError at :215 on the -m path. DENY feature-scope (packaging/incomplete feature). OFFLINE research module, not deployed in the Vercel path. Escalate to owner with F-PY-04 (complete-or-retire). NOTE: import os alone does NOT fix boot — the relative-import is the primary failure",multi_agent_factor_mining/server.py:18,AT-FPY05-factor-mining-boot,E1,S?,open-owner-gated (DENY feature-scope; offline packaging)
F-A1-3,Program-A1,LOW,security,lib/api/rateLimit.ts,108-118,"KV rate-limiter EXPIRE...NX self-heal swallows its own failure (.catch(()=>{})) and is gated on count===1 so it never re-fires. The narrow conjunction 'the key expired in the SET-NX->INCR gap AND the single heal fetch fails' can strand a TTL-less counter = a PERMANENT per-IP block — the exact failure SET-NX was meant to eliminate. LIVE (all API routes). Fix = check the heal response .ok and fall back to checkRateLimitMemory, or issue EXPIRE unconditionally. Source-verified on origin/main",rateLimit.ts:108-118,AT-FA1-3-ratelimit-selfheal,E3,S?,open-low (narrow conjunction; live)
WSA-FG,Program-A2/A3,LOW,api,multiple,"boundary finite-guard gaps (defense-in-depth) — several live routes return upstream/sidecar/provider numbers without mirroring the analytics route's finiteOrNull boundary guard, so a non-finite slips to JSON and serializes to null silently: (1) regime/[ticker]:42 + conditional-vol/[ticker]:41 pass sidecar JSON verbatim (regimeHmmClient.ts:59 / garchClient.ts:71 unvalidated); (2) garchClient.ts EWMA log(0)=-Inf when a close is <=0 (dataLoader filters finite but NOT >0); (3) stream/[ticker]:51-57 null-check not finite-check on the quote; (4) chart/[ticker]:205-211 OHLC finite-filter omits volume. All LOW (no user-controlled trigger; first-party sidecars; sanitized data has 0 non-finite). Fix = mirror finiteOrNull at each boundary + a >0 close filter. Source-verified by parallel agents + coordinator on origin/main",analytics finiteOrNull pattern vs regime/conditional-vol/garchClient/stream/chart,AT-WSA-FG-boundary-finite,E3,S?,open-low (defense-in-depth; benchmark-neutral)
A3-L3,Program-A3,LOW,api,app/api/chart/[ticker]/route.ts,64,"the chart cached-hit branch (:64) omits the CDN-Cache-Control header that the fresh-response branch sets (:121-122) — cached responses lose the intended CDN cache directive. LIVE. Cosmetic/perf, no correctness or security impact. Source-verified on origin/main",chart/[ticker]/route.ts:64 vs :121-122,AT-A3-L3-chart-cdn-header,E3,S?,open-low (perf header consistency)
B-1,Program-A4,MEDIUM,api,app/api/briefs/route.ts,96,"news-brief id was Buffer.from(link).toString('base64').slice(0,16) — base64 encodes input in independent 3-byte groups so 16 chars = exactly the first 12 bytes of link. Every Yahoo news link shares a 12-byte prefix (https://fina for finance.yahoo.com, https://www. for the rest) so ids collapsed to one value per domain. Client renders briefs with key={brief.id} (app/briefs/page.tsx:75) -> duplicate React keys -> dropped/mis-keyed cards + console error. LIVE on /briefs. FIXED: extracted newsBriefId(link) (lib/api/briefId.ts) encoding the FULL link with base64url (bijection -> zero collisions); +__tests__/api/briefId.test.ts (5 cases incl. proving the old truncation collides). Benchmark-neutral; no schema change (id stays a string)",route.ts:96 + app/briefs/page.tsx:75,AT-B1-briefs-id-collision,E1,S?,FIXED 2026-06-25 (PR #72 -> main 6ea4293; tsc clean; test 5/5; prod smoke PASS)
A4-1,Program-A4,LOW,api,app/api/briefs/[sector]/route.ts,180-181,"two ETF-quote fields are read under the wrong Yahoo names so they are ALWAYS null: (1) volume = safeNum(q?.regularVolume) but yahoo-finance2 Quote has regularMarketVolume (quote.d.ts:234) not regularVolume -> SectorBrief.volume is permanently null; (2) avgVolume = safeNum(q?.averageDailyVolume) but the type has averageDailyVolume3Month (:275) / averageDailyVolume10Day (:277) not averageDailyVolume -> the 3-month avg is never sourced (partly masked by the avgVolume ?? avgVolume10d fallback at :381 which reads the correct keyStats.averageDailyVolume10Day). Hidden from tsc by the (q as Record<string,unknown>) casts. DISPLAY-ONLY on the sector brief (no signal/published-metric path); verified against node_modules/yahoo-finance2 quote.d.ts. Fix = regularMarketVolume + averageDailyVolume3Month",briefs/[sector]/route.ts:180-181 vs yahoo-finance2 quote.d.ts:234/275/277,AT-A4-1-sector-volume-fields,E1,S?,open-low (display-only; field-name mismatch -> always-null; verified vs types)
A5-DORMANCY,Program-A5,INFO,architecture,lib/data/providers/,index+dispatcher,"the entire lib/data/providers abstraction (Yahoo/Polygon/AlphaVantage/Fred classes + dispatcher.ts getActiveProvider/getEquityProvider/getQuoteProvider + index.ts fetchDailyWithFallback/fetchQuoteWithFallback) has ZERO production callers. Confirmed repo-wide: every `new *Provider()` is the module's own singleton or the dispatcher's own (uncalled) instances or a test; warehouse.ts imports only the DailyBar/QuoteSnapshot TYPES; live routes (briefs/fundamentals/options/analytics/chart) call yahoo-finance2 DIRECTLY, and backtest uses scripts/backtestData JSON + warehouse. So the whole provider/dispatcher/fallback layer (Phase-15 Q-048/Q-051 scaffolding) is dead unless wired. OWNER DECISION: wire it into ingest/warehouse (half-built) or delete it (abandoned scaffolding). Same retire-or-invest class as the dormant enhanced-signal stack",providers index.ts+dispatcher.ts vs zero non-test importers,AT-A5-dormancy-providers,E1,S?,RESOLVED 2026-06-27 — owner chose DELETE; whole provider/dispatcher/fallback layer + its 2 tests removed (PR #73 -> main b1dcb9d; tsc clean; prod smoke PASS)
A5-1,Program-A5,LOW,quant-finance,lib/data/providers/,polygon.ts:56-59 + alphavantage.ts:21-24 + yahoo.ts:32,"provider OHLC input validation is INCONSISTENT and individually-INCOMPLETE across all three implementors: (1) PolygonProvider.fetchDaily maps r.o/r.h/r.l/r.c with NO finite/positive guard at all; (2) AlphaVantage parseFiniteOrNull guards non-finite but lets a literal 0/negative through (Number.isFinite(0)===true) — its doc-comment misleadingly claims it stops 0-price injection, which it does NOT (it only stops missing->0 coercion); (3) Yahoo skips close==null||close<=0 but a NaN close slips (NaN<=0 is false). A robust provider should skip any bar with a non-finite OR <=0 price. Unify all three to finite-AND-positive (skip the bar). DORMANT (the provider layer has zero prod callers — see A5-DORMANCY) so no live impact; benchmark-neutral. NOT shipping a Polygon-only guard because that would make Polygon stricter than its two siblings = trading one asymmetry for another in dead code",polygon.ts:56-59 vs alphavantage.ts:21-24 vs yahoo.ts:32,AT-A5-1-provider-ohlc-guard-unify,E1,S?,MOOT 2026-06-27 — provider layer DELETED (PR #73); the dead code carrying this is gone
A5-2,Program-A5,LOW,quant-finance,lib/data/providers/alphavantage.ts,73-76,"fetchDaily builds each bar from raw open/high/low (fields 1./2./3.) but the ADJUSTED close (field 5. adjusted close), per the AlphaVantage TIME_SERIES_DAILY_ADJUSTED docs where fields 1-4 are as-traded/raw and field 5 is split+dividend adjusted. Across a split or large dividend, the raw OHL are on a different price scale than the adjusted close, so the bar's low can exceed its close (OHLC invariant low<=close<=high violated) and indicators (ATR/returns) see a discontinuity. NOTE: claim rests on AlphaVantage API docs, not on repo types (the response is an untyped Record<string,string> so it is NOT verifiable against a .d.ts like A4-1 was). DORMANT (provider not wired). Fix = scale OHL by factor = adjustedClose/rawClose (field 4. close) so all four are on the adjusted scale, or use raw close (4.) for raw bars",alphavantage.ts:73-76 (1./2./3. raw + 5. adjusted close); per AlphaVantage docs,AT-A5-2-av-adjusted-raw-mismatch,E1,S?,MOOT 2026-06-27 — AlphaVantage provider DELETED (PR #73)
A5-3,Program-A5,LOW,quant-finance,lib/data/providers/fred.ts,79+99,"_fetchViaCsv (:79) and _fetchViaApi (:99) parse non-missing observation values with parseFloat() and NO finite guard, so a malformed (non-'.' non-numeric) value yields NaN in observations.value (typed number|null). FRED uses '.' for missing (correctly mapped to null), so a NaN requires malformed upstream data = near-zero likelihood, and the live rf consumer (riskFreeRate.ts, Q24) walks backward for the latest non-missing with a val>0 guard so it would skip a NaN anyway. DORMANT-adjacent + benign. Fix = Number.isFinite(parseFloat(val)) ? parsed : null (symmetric to the '.' handling)",fred.ts:79+99 parseFloat no finite guard,AT-A5-3-fred-parsefloat-nan,E1,S?,MOOT 2026-06-27 — FRED provider DELETED (PR #73)
A6-1,Program-A6,MEDIUM,security,middleware.ts + next.config.js,middleware 47-70 + next.config 43-55,"CSP-nonce mechanism (Q-040-NEW, self-labelled 'partial') is INCOMPLETE scaffolding and is a LANDMINE on the planned owner ENV-CSP flip. middleware generates a per-request nonce and sets x-nonce on the request, but (a) x-nonce has ZERO consumers repo-wide (grep app/components/lib/hooks — nothing reads it), and (b) when QUANTAN_CSP_ENFORCE=1 the enforced Content-Security-Policy uses script-src 'self' 'nonce-{X}' with NO 'unsafe-inline', set only on the RESPONSE. Next.js App Router always emits inline bootstrap/hydration scripts (which is why next.config's Report-Only policy carries 'unsafe-inline'); with no nonce propagation to those scripts (no x-nonce reader; CSP not on the request headers, which is how Next propagates a nonce per its App-Router CSP pattern), flipping QUANTAN_CSP_ENFORCE=1 would BLOCK Next's own inline scripts -> blank/broken app. The break is overdetermined (enforced nonce-only + zero propagation) regardless of the exact Next mechanism. DORMANT today (flag off -> zero live impact; live CSP is Report-Only, app fine). DISPOSITION (owner, A5-DORMANCY-shaped but lean COMPLETE not delete — the Report-Only->enforce plan shows intent to ship strict CSP): finish the nonce path (consume x-nonce in the root layout to nonce Next's scripts, and/or set the nonce'd CSP on the REQUEST headers) OR remove the dead nonce scaffolding if abandoning strict CSP. VALIDATION: set QUANTAN_CSP_ENFORCE=1 on a PREVIEW deploy + load with console open -> CSP violations on Next inline scripts confirm the break (no prod touch)",middleware.ts:47-70 (nonce/CSP) + next.config.js:43 (Report-Only) + zero x-nonce consumers,AT-A6-1-csp-nonce-incomplete,E1,S?,open-owner-gated — LINKED to the 'ENV-CSP flip (7-day Report-Only -> enforce)' backlog item: do NOT flip QUANTAN_CSP_ENFORCE=1 until the nonce path is completed/validated on a preview deploy
KL-6,R-2026-06-10/Program-P2,LOW,frontend-perf,hooks/useKLineChart.ts,707-711,"the chart data effect re-runs on every `candles` change (every live WebSocket tick) and unconditionally recomputed (calcEMA) + setData ALL ~20 EMA series regardless of visibility. Default visible = 4 (9/20/50/200) so ~16 hidden series did a full per-tick recompute + lightweight-charts series reprocess for lines the user cannot see. FIXED: gated the EMA loop with isEmaLineVisible(indicatorsProp, p) — the same predicate as series creation (L421) and the component visibility sync, mirroring the existing volSma/vwap/bollingerBands gating. Behaviour-preserving: visible EMAs always get data (effect re-runs on tick via `candles` + on toggle via indicatorsProp/visSerialised); hidden skipped; crosshair reads candle OHLCV only; toggle-on re-runs the effect. Frontend, OFF the WR path -> benchmark-neutral",useKLineChart.ts:707-711 (EMA loop) vs :421 (creation) + KLineChart.tsx:237 (visibility sync),AT-KL6-ema-visibility-gate,E2,S?,FIXED 2026-06-28 (PR #74 -> main 47275f1; tsc clean; KLineChart.test 9/9 incl new KL-6 test; prod smoke PASS)
